Feature,Coefficient
PageValues,0.9504256970067647
MonthNov,0.15199278152419812
ProductRelated,0.07069940199558628
ExitRates,-0.05397756451354788
